1,9,13,26,33,34,53,54,73,80,84,101,102,105,106,122,138,143,144,146,154,158
2,9,13,26,33,34,53,54,73,80,84,101,102,105,106,122,138,143,144,146,154,158
3,9,13,26,33,34,53,54,64,73,80,84,101,102,105,106,122,138,143,144,146,154,158
4,9,13,24,26,28,33,34,35,40,42,44,46,53,74,81,82,84,101,105,106,112,114,118,121,133,137,138,142,143,146,154
5,9,13,24,26,28,33,34,35,40,42,44,46,53,74,81,82,84,101,105,106,112,114,118,121,133,137,138,142,143,146,154
6,9,13,24,26,28,33,34,35,38,40,42,44,45,46,48,53,64,74,81,82,84,101,105,106,112,114,118,121,133,137,138,142,143,146,154
7,9,11,12,13,16,24,28,33,34,63,67,81,82,84,101,105,106,114,118,133,137,138,141,144,145,146,154,160,164
8,9,11,12,13,16,24,28,33,34,63,67,81,82,84,101,105,106,114,118,133,137,138,141,144,145,146,154,160,164
9,9,11,12,13,16,24,28,33,34,38,45,63,64,67,81,82,84,101,105,106,114,118,133,137,138,141,144,145,146,154,160,164
10,134,144
11,57,134,144
12,9,21,33,34,47,56,57,64,80,84,97,98,99,101,103,105,106,122,134,136,138,140,142,144,146,147,154,162
13,95,134
14,57,95,134
15,4,9,26,33,34,49,50,57,64,80,84,92,95,101,105,106,118,134,138,142,143,146,154,157
16,4,9,33,34,48,56,84,86,100,101,103,105,106,111,119,138,142,146,154,162,163
17,4,9,33,34,48,56,84,86,100,101,103,105,106,111,119,138,142,146,154,162,163
18,4,9,33,34,48,56,64,84,86,100,101,103,105,106,111,119,138,142,146,154,162,163
19,9,12,13,28,33,34,49,65,84,100,101,106,118,138,139,142,144,145,146,149,153,154,160
20,9,12,13,28,33,34,49,64,65,67,84,100,101,106,118,138,139,142,144,145,146,149,153,154,160
21,4,9,33,34,37,48,50,53,74,84,86,90,101,103,106,119,138,142,146,154,162
22,4,9,33,34,37,48,50,53,64,74,84,86,90,101,103,106,119,138,142,146,154,162
23,2,9,11,13,28,33,34,38,45,52,74,80,84,95,101,106,108,113,118,133,138,146,154,165
24,2,9,11,13,28,33,34,38,45,52,64,74,80,84,95,101,106,108,113,118,133,138,146,154,165
25,4,9,13,33,34,47,53,76,81,82,84,89,100,101,105,106,114,118,120,137,138,142,145,146,149,152,153,154
26,4,9,13,33,34,47,53,64,76,81,82,84,89,100,101,105,106,114,118,120,137,138,142,145,146,149,152,153,154
27,9,13,26,28,33,34,38,45,51,84,95,101,106,108,111,112,114,118,121,133,137,138,142,143,146,154
28,9,13,26,28,33,34,38,45,51,64,84,95,101,106,108,111,112,114,118,121,133,137,138,142,143,146,154
29,9,11,12,13,31,33,34,51,53,84,95,101,105,106,112,118,138,144,145,146,149,153,154
30,9,11,12,13,31,33,34,51,53,62,67,84,95,101,105,106,112,118,138,144,145,146,149,153,154,160
31,9,11,12,13,24,31,33,34,38,42,45,51,53,62,64,67,81,82,84,89,95,101,105,106,108,112,114,118,133,137,138,141,144,145,146,149,153,154,160
32,9,12,13,31,33,34,49,50,61,62,74,84,95,101,105,106,118,138,144,146,149,153,154
33,9,12,13,31,33,34,49,50,61,62,67,74,84,95,101,105,106,118,138,144,146,149,153,154,160
34,9,12,13,24,31,33,34,38,42,45,49,50,61,62,64,67,74,81,82,84,89,95,101,105,106,108,114,118,133,137,138,141,144,146,148,149,153,154,160
35,9,12,13,24,27,33,34,42,47,53,67,76,81,82,83,84,85,96,98,99,101,105,106,114,117,118,133,137,138,146,147,149,152,153,154,156,160
36,9,12,13,24,27,33,34,42,47,53,64,67,76,81,82,83,84,85,96,98,99,101,105,106,114,117,118,133,137,138,146,147,149,152,153,154,156,160
37,9,13,20,28,33,34,40,42,44,46,84,100,101,105,106,107,118,138,142,145,146,154
38,9,13,20,28,33,34,40,42,44,46,64,84,100,101,105,106,107,118,138,142,145,146,154
39,9,12,13,24,27,29,33,34,42,47,67,81,82,84,96,98,99,101,105,106,114,117,118,133,137,138,146,147,149,152,153,154,156,160
40,9,12,13,24,27,29,33,34,42,47,64,67,81,82,84,96,98,99,101,105,106,114,117,118,133,137,138,146,147,149,152,153,154,156,160
41,9,11,20,33,34,58,72,80,84,101,103,106,138,140,142,146,154,162,163
42,9,11,20,33,34,58,64,72,80,84,101,103,106,113,138,140,142,146,154,162,163
43,1,2,9,26,33,34,80,84,91,101,105,106,122,136,138,143,146,154
44,1,2,9,26,33,34,80,84,91,101,105,106,122,136,138,143,146,154
45,1,2,9,13,26,33,34,64,80,84,91,101,105,106,122,136,138,143,146,154
46,9,13,26,28,33,34,54,72,80,84,101,105,106,112,118,121,131,136,138,143,146,154
47,9,13,26,28,33,34,54,64,72,80,84,101,105,106,112,118,121,131,136,138,143,146,154
48,9,21,29,33,34,47,72,80,84,97,98,99,101,105,106,122,136,138,140,144,146,154
49,9,21,29,33,34,47,64,72,80,84,97,98,99,101,103,105,106,122,136,138,140,142,144,146,147,154,162
50,9,13,26,28,33,34,38,45,53,84,101,106,108,111,112,121,138,146,154
51,9,13,26,28,33,34,38,45,53,64,84,101,106,108,111,112,121,138,146,154
52,9,11,13,33,34,51,53,84,89,101,106,112,113,118,121,138,142,146,149,153,154,160
53,9,11,13,33,34,51,53,64,84,89,101,106,112,113,118,121,138,142,146,149,153,154,160
54,9,12,13,21,24,28,29,33,34,51,63,67,81,82,84,89,101,106,112,114,118,133,137,138,141,142,145,146,154,160
55,9,12,13,21,24,28,29,33,34,51,63,64,67,81,82,84,89,101,106,112,114,118,133,137,138,141,142,145,146,154,160
56,9,13,24,28,33,34,49,51,70,74,78,81,82,83,84,89,101,106,108,112,113,114,118,133,137,138,142,146,148,149,153,154
57,9,13,24,28,33,34,49,51,64,70,74,78,81,82,83,84,89,101,106,108,112,113,114,118,133,137,138,142,146,148,149,153,154
58,4,9,11,13,28,33,34,35,40,42,46,74,84,101,105,106,107,118,138,142,146,154
59,4,9,11,13,28,33,34,35,40,42,46,64,74,84,101,105,106,107,118,138,142,146,147,154
60,5,9,12,13,16,33,34,63,66,67,84,98,99,101,106,118,138,141,146,154,160
61,5,9,12,13,16,24,33,34,38,45,63,66,67,81,82,83,84,98,99,101,106,114,118,133,137,138,141,146,154,160
62,5,9,12,13,16,24,33,34,38,45,63,64,66,67,81,82,83,84,98,99,101,106,114,118,133,137,138,141,146,154,160
63,9,13,24,33,34,47,81,82,83,84,98,99,101,105,106,114,118,137,138,146,147,152,154,156
64,9,13,21,24,28,29,33,34,47,71,81,82,83,84,97,98,99,101,104,105,106,114,118,137,138,146,147,152,154,156
65,9,13,21,24,28,29,33,34,47,64,71,81,82,83,84,97,98,99,101,104,105,106,114,118,137,138,146,147,152,154,156
66,9,13,24,28,33,34,38,42,45,49,70,74,78,81,82,83,84,101,106,108,114,118,133,137,138,146,154
67,9,13,24,28,33,34,38,42,45,49,70,74,78,81,82,83,84,101,106,108,114,118,133,137,138,146,154
68,9,13,24,28,33,34,38,42,45,49,64,70,74,78,81,82,83,84,101,106,108,114,118,133,137,138,146,154
69,2,9,26,33,34,54,80,84,101,102,105,106,120,122,136,138,143,146,154,158,165
70,2,9,26,33,34,54,80,84,101,102,105,106,120,122,136,138,143,146,154,158,165
71,2,9,13,26,33,34,54,64,80,84,101,102,105,106,120,122,136,138,143,146,154,158,165
72,2,8,9,12,22,26,33,34,63,67,80,84,95,101,105,106,113,118,138,140,141,143,146,154,160,165
73,2,8,9,12,22,26,33,34,63,64,67,80,84,95,101,105,106,113,118,138,140,141,143,146,154,160,165
74,9,13,24,27,28,33,34,38,41,42,45,57,82,83,84,101,106,108,109,114,133,137,138,144,146,154
75,9,13,24,27,28,33,34,38,41,42,45,57,82,83,84,101,106,108,109,114,133,137,138,144,146,154
76,9,13,24,27,28,33,34,38,41,42,45,57,64,81,82,83,84,101,106,108,109,114,133,137,138,144,146,154
77,4,9,13,33,34,40,42,44,53,62,84,101,105,106,118,132,138,142,145,146,154
78,4,9,13,33,34,40,42,44,53,62,64,84,101,105,106,118,132,138,142,145,146,154
79,5,9,12,13,21,28,29,33,34,38,42,45,47,53,59,67,84,89,98,99,101,105,106,118,133,138,141,142,146,147,152,154,156,160
80,5,9,12,13,21,24,28,29,33,34,38,42,45,47,53,59,64,67,81,82,84,89,98,99,101,105,106,114,118,133,137,138,141,142,146,147,152,154,156,160,164
81,9,33,34,47,84,101,105,106,113,138,140,142,144,146,147,149,152,153,154
82,9,33,34,47,64,84,101,105,106,113,138,140,142,144,146,147,149,152,153,154
83,4,9,13,26,33,34,48,50,74,84,90,101,103,105,106,111,118,121,138,142,143,146,154,162
84,4,9,13,33,34,37,48,50,53,84,90,101,105,106,118,119,138,146,154,156,162
85,4,9,13,33,34,37,48,50,53,64,84,90,101,105,106,118,119,138,146,154,156,162
86,6,9,12,13,33,34,53,59,62,67,84,89,101,106,118,133,138,141,146,154,160
87,6,9,12,13,33,34,53,59,62,64,67,84,89,101,106,118,133,138,141,146,154,160
88,3,9,13,29,33,41,42,57,80,84,85,93,96,101,106,113,123,138,149,153,154
89,3,9,13,29,33,41,42,57,64,80,84,85,93,96,101,106,113,123,138,149,153,154
90,6,9,12,18,33,34,41,67,74,84,101,105,106,138,140,141,142,144,146,147,154,156,160,164
91,6,9,12,18,33,34,41,64,67,74,84,101,105,106,129,138,140,141,142,144,146,147,154,156,160,164
92,9,20,33,36,41,66,75,80,84,88,98,99,101,106,138,149,153,154
93,9,20,33,36,41,66,75,80,84,88,98,99,101,106,138,149,153,154
94,9,13,20,24,33,34,36,41,64,66,75,80,81,82,83,84,88,98,99,101,106,114,118,133,137,138,146,149,153,154
95,9,10,13,28,33,34,38,41,45,57,84,101,106,108,109,113,118,120,133,138,144,146,154
96,9,13,21,24,29,33,34,36,47,59,66,79,81,82,83,84,93,96,98,99,101,105,106,114,118,137,138,146,147,152,154,156
97,9,13,21,24,29,33,34,36,47,59,64,66,79,81,82,83,84,93,96,98,99,101,105,106,114,118,137,138,146,147,152,154,156
98,9,12,13,16,25,26,33,34,55,57,67,74,84,101,106,132,133,138,141,143,146,154,160
99,9,12,13,16,25,26,33,34,55,57,64,67,74,84,101,106,132,133,138,141,143,146,154,160
100,9,33,41,47,76,84,101,105,106,113,138,142,144,146,147,149,152,153,154
101,9,33,41,47,64,76,84,101,105,106,113,118,138,142,144,146,147,149,152,153,154
102,7,9,33,34,39,41,66,73,84,98,99,101,105,106,122,136,138,146,147,154
103,7,9,33,34,39,41,64,66,73,80,84,98,99,101,105,106,122,132,133,136,138,146,147,154
104,9,12,13,14,15,24,28,33,34,38,42,45,49,53,59,67,74,81,82,84,101,106,114,118,133,137,138,145,146,148,154,160
105,9,12,13,14,15,24,28,33,34,38,42,45,49,53,59,64,67,74,81,82,84,101,106,114,118,133,137,138,145,146,148,154,160
106,9,13,24,31,33,34,49,69,79,81,82,83,84,101,106,110,114,118,133,137,138,142,146,154
107,4,9,13,19,24,33,34,43,68,81,82,83,84,101,106,114,118,133,137,138,142,146,154
108,9,12,13,24,26,27,29,33,34,38,42,45,64,67,81,82,84,101,106,113,114,118,120,132,133,137,138,140,141,143,146,149,153,154,160,165
109,9,33,41,42,58,84,101,106,123,124,125,138,144,149,153,154
110,9,33,41,42,58,64,84,101,106,123,124,125,138,144,149,153,154
111,9,13,28,33,34,38,42,45,50,61,62,74,84,101,106,108,118,132,133,138,145,146,149,153,154
112,9,12,13,24,28,33,34,38,42,45,50,61,62,64,67,74,81,82,84,89,101,106,108,114,118,132,133,137,138,141,145,146,149,153,154,160
113,9,12,13,24,27,33,34,39,42,47,53,64,67,76,81,82,83,84,85,96,98,99,101,105,106,114,117,118,133,137,138,145,146,147,149,152,153,154,156,160
114,1,9,10,13,22,26,33,34,54,64,80,84,101,106,118,120,122,136,138,143,146,154,158
115,9,11,12,13,19,24,30,33,34,38,42,45,64,67,74,81,82,84,101,106,108,114,118,133,137,138,141,145,146,149,153,154,160
116,4,9,12,16,33,34,63,67,74,84,101,106,118,125,138,141,142,146,154,160
117,4,9,12,16,33,34,63,64,67,74,84,101,106,118,125,138,141,142,146,154,160
118,4,9,12,33,34,50,61,62,67,84,90,101,106,118,138,140,141,142,145,146,154,160,161
119,4,9,12,33,34,50,61,62,64,67,84,90,101,106,118,138,140,141,142,145,146,154,160,161
120,9,12,33,34,47,57,63,67,76,84,85,98,99,101,104,105,106,118,138,141,142,144,146,147,149,152,153,154,156,160
121,9,12,33,34,47,57,63,64,67,76,84,85,98,99,101,104,105,106,118,138,141,142,144,146,147,149,152,153,154,156,160
122,8,9,13,21,24,33,34,47,64,76,79,81,82,83,84,98,99,101,105,106,114,118,137,138,146,147,149,152,153,154
123,4,9,26,33,34,49,64,74,84,100,101,106,118,121,138,142,143,146,154,163
124,9,12,13,24,33,34,64,67,68,75,77,81,82,83,84,96,98,99,101,105,106,114,118,137,138,146,147,148,154,160
125,9,13,24,33,34,47,64,74,76,81,82,83,84,98,99,100,101,105,106,113,114,118,133,137,138,142,146,147,149,152,153,154
126,9,13,20,24,33,34,40,42,43,46,64,74,81,82,83,84,98,99,101,106,114,118,124,125,133,137,138,146,147,154
127,9,10,13,26,33,34,49,55,57,64,84,101,106,114,121,133,137,138,143,146,154
128,9,12,13,33,34,38,42,45,62,64,67,74,84,101,106,118,132,133,138,144,145,146,149,153,154
129,130,144
130,9,11,12,13,33,34,35,42,63,64,67,74,84,101,105,106,118,130,133,138,141,144,146,149,153,154,160
131,9,12,13,20,33,34,35,53,62,63,64,67,84,87,98,99,101,105,106,117,118,133,138,141,146,149,153,154,160
132,155
133,9,11,13,33,34,49,53,84,100,101,105,106,111,118,138,142,144,145,146,154
134,3,6,9,11,12,13,33,34,49,53,58,63,64,67,84,87,100,101,105,106,111,118,138,141,142,144,145,146,154,160
135,4,9,11,13,31,33,34,47,49,53,64,84,92,100,101,105,106,111,118,138,142,144,145,146,149,152,153,154
136,9,11,13,33,34,40,42,44,46,49,53,64,74,84,100,101,105,106,111,118,124,138,142,144,145,146,154
137,4,9,12,23,33,34,47,64,67,84,97,98,99,101,104,105,106,116,118,138,142,144,146,147,149,152,153,154,156
138,9,12,13,33,34,61,63,67,74,84,101,105,106,129,138,141,146,154,160,164
139,9,12,13,33,34,61,62,63,64,67,74,84,101,105,106,114,118,129,137,138,141,146,154,160,164
140,1,9,12,13,33,34,57,63,67,74,84,101,105,106,112,121,138,141,146,154,160
141,1,9,12,13,26,33,34,57,63,64,67,74,81,84,101,103,105,106,112,114,118,121,137,138,141,143,146,154,160
142,4,9,11,33,34,35,42,48,64,84,101,103,105,106,119,138,140,142,146,154,162,163
143,5,9,12,13,24,33,34,38,42,45,57,59,64,67,81,82,83,84,89,98,99,101,105,106,108,114,118,133,137,138,141,146,149,153,154,160
144,4,9,12,33,34,48,64,67,84,87,90,101,103,105,106,119,138,142,146,154,160,162
145,4,9,33,34,37,47,48,64,76,84,101,103,105,106,119,138,142,146,149,152,153,154,162
146,4,9,33,34,42,44,48,64,74,84,90,101,103,105,106,119,138,142,146,154,162
147,4,9,12,13,33,34,35,42,64,67,74,84,101,105,106,118,120,138,141,142,146,149,152,153,154,160,165
148,4,9,12,13,33,34,35,42,62,64,67,74,84,101,105,106,118,120,138,141,142,146,149,152,153,154,160,165
149,4,9,12,13,33,34,35,42,62,64,67,74,84,101,103,105,106,118,120,133,138,141,142,146,149,152,153,154,160,165
150,5,8,9,12,13,21,24,29,33,34,42,47,64,67,81,82,83,84,87,89,98,99,101,104,105,106,114,118,133,137,138,142,146,147,149,152,153,154,156,160
151,9,12,13,24,26,28,33,34,35,36,38,39,41,42,45,47,48,62,64,67,80,81,82,83,84,89,96,98,99,101,103,105,106,108,114,118,119,133,137,138,141,142,143,146,147,149,152,153,154,155,156,160,162
